{
    "Avatar": {
        "Avatar": "Undine",
        "Beast": "Avian",
        "Brute": "Holy",
        "Dragon": "Fury",
        "Enigma": "Genma",
        "Fairy": "Kishin",
        "Fallen": "Snake",
        "Femme": "Holy",
        "Fiend": "Deity",
        "Foul": "Wilder",
        "Fury": "Dragon",
        "Geist": "Tree",
        "Genma": "Deity",
        "Holy": "Beast",
        "Jirae": "Tree",
        "Kishin": "Dragon",
        "Lady": "Tree",
        "Night": "Beast",
        "Snake": "Dragon",
        "UMA": "Avian"
    },
    "Avian": {
        "Avatar": "Herald",
        "Avian": "Sylph",
        "Beast": "Flight",
        "Brute": "Genma",
        "Deity": "Holy",
        "Divine": "Flight",
        "Dragon": "Avatar",
        "Enigma": "Holy",
        "Fairy": "Megami",
        "Fallen": "Raptor",
        "Femme": "Megami",
        "Fiend": "Holy",
        "Flight": "Divine",
        "Foul": "Raptor",
        "Fury": "Herald",
        "Geist": "Fury",
        "Genma": "Holy",
        "Holy": "Flight",
        "Jirae": "Yoma",
        "Kishin": "Night",
        "Lady": "Fury",
        "Night": "Raptor",
        "Nymph": "Tree",
        "Tree": "Flight",
        "UMA": "Flight",
        "Yoma": "Foul"
    },
    "Beast": {
        "Beast": "Erthys",
        "Brute": "Snake",
        "Dragon": "Wilder",
        "Drake": "Foul",
        "Enigma": "Holy",
        "Fallen": "Snake",
        "Femme": "Holy",
        "Fiend": "Spirit",
        "Foul": "Flight",
        "Fury": "Snake",
        "Geist": "Snake",
        "Haunt": "Wilder",
        "Jaki": "Wilder",
        "Jirae": "Yoma",
        "Kishin": "Holy",
        "Lady": "Snake",
        "Night": "Jirae",
        "Reaper": "Spirit",
        "Snake": "Wilder",
        "Spirit": "Wilder",
        "Tyrant": "Wilder",
        "Vermin": "Wilder",
        "Wilder": "Vermin",
        "Zealot": "Spirit"
    },
    "Brute": {
        "Brute": "Aquans",
        "Drake": "Vermin",
        "Enigma": "Jirae",
        "Femme": "Jaki",
        "Fiend": "Spirit",
        "Foul": "Spirit",
        "Geist": "Kishin",
        "Haunt": "Jaki",
        "Night": "Spirit",
        "Spirit": "Jaki",
        "Tyrant": "Jaki",
        "UMA": "Snake",
        "Zealot": "Spirit"
    },
    "Deity": {
        "Avatar": "Genma",
        "Beast": "Holy",
        "Brute": "Jirae",
        "Dragon": "Lady",
        "Fairy": "Genma",
        "Fallen": "Fury",
        "Femme": "Snake",
        "Fiend": "Reaper",
        "Foul": "Reaper",
        "Fury": "Lady",
        "Geist": "Holy",
        "Genma": "Reaper",
        "Holy": "Avatar",
        "Jirae": "Jaki",
        "Kishin": "Fury",
        "Lady": "Holy",
        "Night": "Yoma",
        "Snake": "Beast",
        "UMA": "Holy"
    },
    "Divine": {
        "Avatar": "Fairy",
        "Beast": "Holy",
        "Brute": "Jirae",
        "Deity": "Herald",
        "Divine": "Aeros",
        "Dragon": "Drake",
        "Drake": "Raptor",
        "Enigma": "Herald",
        "Fairy": "Nymph",
        "Femme": "Nymph",
        "Fiend": "Vile",
        "Flight": "Avian",
        "Foul": "Fallen",
        "Fury": "Fallen",
        "Geist": "Foul",
        "Genma": "Nymph",
        "Haunt": "Jaki",
        "Holy": "Avatar",
        "Jaki": "Drake",
        "Jirae": "Fallen",
        "Kishin": "Snake",
        "Lady": "Foul",
        "Night": "Megami",
        "Nymph": "Megami",
        "Reaper": "Vile",
        "Snake": "Vermin",
        "Spirit": "Jaki",
        "Tyrant": "Raptor",
        "UMA": "Holy",
        "Vermin": "Raptor",
        "Vile": "Raptor",
        "Wilder": "Raptor",
        "Wood": "Raptor",
        "Yoma": "Flight",
        "Zealot": "Vile"
    },
    "Dragon": {
        "Brute": "Kishin",
        "Dragon": "Sylph",
        "Enigma": "Lady",
        "Fallen": "Brute",
        "Femme": "Fallen",
        "Fiend": "Night",
        "Foul": "Drake",
        "Geist": "Femme",
        "Kishin": "Femme",
        "Night": "Foul",
        "UMA": "Wilder"
    },
    "Drake": {
        "Fiend": "Spirit",
        "Foul": "Dragon",
        "Haunt": "Wood",
        "Spirit": "Wood",
        "UMA": "Foul",
        "Zealot": "Spirit"
    },
    "Enigma": {
        "Geist": "Holy",
        "UMA": "Holy"
    },
    "Fairy": {
        "Beast": "Flight",
        "Brute": "Femme",
        "Dragon": "Night",
        "Drake": "Wood",
        "Enigma": "Genma",
        "Fairy": "Aeros",
        "Fallen": "Night",
        "Femme": "Lady",
        "Fiend": "Spirit",
        "Foul": "Jirae",
        "Fury": "Deity",
        "Geist": "Genma",
        "Haunt": "Wood",
        "Jaki": "Haunt",
        "Jirae": "Night",
        "Kishin": "Tree",
        "Lady": "Genma",
        "Night": "Brute",
        "Reaper": "Spirit",
        "Snake": "Avian",
        "Spirit": "Haunt",
        "Tyrant": "Haunt",
        "UMA": "Flight",
        "Vermin": "Wood",
        "Wilder": "Wood",
        "Zealot": "Spirit"
    },
    "Fallen": {
        "Brute": "Night",
        "Drake": "Raptor",
        "Enigma": "Fury",
        "Fallen": "Flaemis",
        "Femme": "Lady",
        "Fiend": "Tyrant",
        "Foul": "Divine",
        "Geist": "Femme",
        "Haunt": "Jaki",
        "Night": "Brute",
        "Spirit": "Jaki",
        "Tyrant": "Drake",
        "UMA": "Snake",
        "Zealot": "Tyrant"
    },
    "Femme": {
        "Enigma": "Snake",
        "Femme": "Aquans",
        "Fiend": "Spirit",
        "Foul": "Nymph",
        "Geist": "Brute",
        "Haunt": "Spirit",
        "Night": "Lady",
        "Spirit": "Haunt",
        "Tyrant": "Jaki",
        "UMA": "Holy",
        "Zealot": "Spirit"
    },
    "Fiend": {
        "Enigma": "Reaper",
        "Geist": "Kishin",
        "UMA": "Holy",
        "Zealot": "Tyrant"
    },
    "Flight": {
        "Avatar": "Vermin",
        "Beast": "Yoma",
        "Brute": "Beast",
        "Deity": "Herald",
        "Drake": "Foul",
        "Enigma": "Herald",
        "Fairy": "Divine",
        "Fallen": "Divine",
        "Femme": "Beast",
        "Fiend": "Spirit",
        "Flight": "Aquans",
        "Foul": "Snake",
        "Fury": "Fallen",
        "Geist": "Night",
        "Genma": "Avatar",
        "Haunt": "Raptor",
        "Holy": "Avatar",
        "Jaki": "Raptor",
        "Jirae": "Raptor",
        "Kishin": "Avian",
        "Lady": "Night",
        "Night": "Fallen",
        "Nymph": "Avian",
        "Raptor": "Vermin",
        "Reaper": "Spirit",
        "Snake": "Beast",
        "Spirit": "Raptor",
        "Tyrant": "Drake",
        "UMA": "Yoma",
        "Vermin": "Raptor",
        "Vile": "Raptor",
        "Wilder": "Foul",
        "Wood": "Raptor",
        "Yoma": "Nymph",
        "Zealot": "Spirit"
    },
    "Foul": {
        "Enigma": "Reaper",
        "Fiend": "Vile",
        "Geist": "Megami",
        "Haunt": "Genma",
        "UMA": "Flight",
        "Zealot": "Vile"
    },
    "Fury": {
        "Brute": "Kishin",
        "Dragon": "Fallen",
        "Enigma": "Lady",
        "Fallen": "Tyrant",
        "Femme": "Lady",
        "Fiend": "Kishin",
        "Foul": "Tyrant",
        "Geist": "Kishin",
        "Kishin": "Fallen",
        "Lady": "Kishin",
        "Night": "Jirae",
        "UMA": "Snake"
    },
    "Genma": {
        "Beast": "Holy",
        "Brute": "Kishin",
        "Dragon": "Night",
        "Enigma": "Reaper",
        "Fairy": "Deity",
        "Fallen": "Holy",
        "Femme": "Kishin",
        "Fiend": "Deity",
        "Foul": "Haunt",
        "Fury": "Kishin",
        "Geist": "Kishin",
        "Genma": "Salamander",
        "Jirae": "Reaper",
        "Kishin": "Brute",
        "Lady": "Kishin",
        "Night": "Brute",
        "Snake": "Avatar",
        "UMA": "Holy"
    },
    "Haunt": {
        "Fiend": "Spirit",
        "UMA": "Wilder",
        "Zealot": "Spirit"
    },
    "Herald": {
        "Avatar": "Avian",
        "Avian": "Divine",
        "Beast": "Avatar",
        "Brute": "Flight",
        "Deity": "Megami",
        "Divine": "Vile",
        "Dragon": "Fury",
        "Enigma": "Megami",
        "Fairy": "Divine",
        "Femme": "Nymph",
        "Fiend": "Megami",
        "Flight": "Avian",
        "Foul": "Vile",
        "Fury": "Reaper",
        "Geist": "Megami",
        "Genma": "Megami",
        "Holy": "Avian",
        "Jirae": "Deity",
        "Lady": "Megami",
        "Megami": "Genma",
        "Night": "Yoma",
        "Nymph": "Megami",
        "Snake": "Flight",
        "Tree": "Divine",
        "UMA": "Avatar",
        "Yoma": "Tree"
    },
    "Holy": {
        "Beast": "Avian",
        "Brute": "Jaki",
        "Dragon": "Tree",
        "Enigma": "Avatar",
        "Fairy": "Beast",
        "Fallen": "Beast",
        "Femme": "Jirae",
        "Fiend": "Fairy",
        "Foul": "Vermin",
        "Fury": "Snake",
        "Geist": "Deity",
        "Genma": "Fairy",
        "Holy": "Gnome",
        "Jirae": "Spirit",
        "Kishin": "Brute",
        "Lady": "Deity",
        "Night": "Jirae",
        "Snake": "Dragon",
        "UMA": "Avian"
    },
    "Jaki": {
        "Brute": "Foul",
        "Drake": "Tyrant",
        "Fallen": "Drake",
        "Femme": "Haunt",
        "Fiend": "Haunt",
        "Foul": "Kishin",
        "Night": "Haunt",
        "Spirit": "Haunt",
        "Tyrant": "Drake",
        "UMA": "Wilder",
        "Vermin": "Wilder",
        "Zealot": "Haunt"
    },
    "Jirae": {
        "Brute": "Fairy",
        "Dragon": "Lady",
        "Drake": "Wilder",
        "Enigma": "Brute",
        "Fallen": "Dragon",
        "Femme": "Brute",
        "Fiend": "Spirit",
        "Foul": "Fairy",
        "Fury": "Brute",
        "Geist": "Kishin",
        "Haunt": "Jaki",
        "Jaki": "Haunt",
        "Jirae": "Erthys",
        "Kishin": "Tree",
        "Lady": "Kishin",
        "Night": "Fairy",
        "Reaper": "Spirit",
        "Snake": "Fallen",
        "Spirit": "Jaki",
        "Tyrant": "Jaki",
        "UMA": "Yoma",
        "Vermin": "Foul",
        "Wilder": "Wood",
        "Zealot": "Spirit"
    },
    "Kishin": {
        "Brute": "Fury",
        "Enigma": "Fury",
        "Fallen": "Dragon",
        "Femme": "Lady",
        "Fiend": "Brute",
        "Foul": "Jaki",
        "Geist": "Femme",
        "Kishin": "Salamander",
        "Night": "Beast",
        "UMA": "Holy"
    },
    "Lady": {
        "Brute": "Kishin",
        "Dragon": "Fury",
        "Enigma": "Holy",
        "Fallen": "Femme",
        "Femme": "Brute",
        "Fiend": "Kishin",
        "Foul": "Megami",
        "Kishin": "Femme",
        "Lady": "Gnome",
        "Night": "Femme",
        "UMA": "Snake"
    },
    "Megami": {
        "Avatar": "Deity",
        "Avian": "Nymph",
        "Beast": "Fallen",
        "Brute": "Nymph",
        "Deity": "Avatar",
        "Divine": "Yoma",
        "Dragon": "Herald",
        "Enigma": "Avatar",
        "Fairy": "Genma",
        "Fallen": "Foul",
        "Fiend": "Tree",
        "Flight": "Divine",
        "Foul": "Lady",
        "Fury": "Lady",
        "Geist": "Deity",
        "Genma": "Tree",
        "Holy": "Avian",
        "Jirae": "Tree",
        "Kishin": "Genma",
        "Lady": "Deity",
        "Megami": "Undine",
        "Night": "Nymph",
        "Nymph": "Tree",
        "Snake": "Wood",
        "Tree": "Herald",
        "UMA": "Fallen",
        "Yoma": "Nymph"
    },
    "Night": {
        "Drake": "Vermin",
        "Enigma": "Yoma",
        "Fiend": "Haunt",
        "Foul": "Yoma",
        "Geist": "Femme",
        "Haunt": "Spirit",
        "Night": "Erthys",
        "Spirit": "Foul",
        "Tyrant": "Jaki",
        "UMA": "Jirae",
        "Zealot": "Haunt"
    },
    "Nymph": {
        "Avatar": "Fairy",
        "Beast": "Avatar",
        "Brute": "Femme",
        "Deity": "Femme",
        "Dragon": "Lady",
        "Enigma": "Femme",
        "Fairy": "Megami",
        "Fallen": "Avatar",
        "Fiend": "Spirit",
        "Foul": "Femme",
        "Fury": "Femme",
        "Genma": "Megami",
        "Haunt": "Spirit",
        "Holy": "Divine",
        "Jaki": "Haunt",
        "Jirae": "Holy",
        "Kishin": "Divine",
        "Night": "Femme",
        "Nymph": "Flaemis",
        "Raptor": "Haunt",
        "Reaper": "Spirit",
        "Snake": "Wood",
        "Spirit": "Haunt",
        "Tyrant": "Jaki",
        "UMA": "Avatar",
        "Vile": "Foul",
        "Wood": "Raptor",
        "Zealot": "Spirit"
    },
    "Raptor": {
        "Beast": "Vermin",
        "Brute": "Haunt",
        "Drake": "Vermin",
        "Fairy": "Wood",
        "Fallen": "Drake",
        "Femme": "Wood",
        "Fiend": "Spirit",
        "Foul": "Avian",
        "Haunt": "Wilder",
        "Jirae": "Foul",
        "Night": "Wood",
        "Reaper": "Spirit",
        "Snake": "Vermin",
        "Spirit": "Wilder",
        "Tyrant": "Vermin",
        "UMA": "Vermin",
        "Vermin": "Spirit",
        "Wilder": "Vermin",
        "Wood": "Vile",
        "Zealot": "Spirit"
    },
    "Reaper": {
        "Brute": "Spirit",
        "Drake": "Spirit",
        "Fallen": "Tyrant",
        "Femme": "Spirit",
        "Fiend": "Vile",
        "Foul": "Vile",
        "Haunt": "Spirit",
        "Jaki": "Haunt",
        "Night": "Haunt",
        "Spirit": "Wood",
        "Tyrant": "Vile",
        "UMA": "Spirit",
        "Vermin": "Spirit",
        "Wilder": "Spirit"
    },
    "Snake": {
        "Brute": "Dragon",
        "Dragon": "Fallen",
        "Drake": "Vermin",
        "Enigma": "Beast",
        "Fallen": "Dragon",
        "Femme": "Drake",
        "Fiend": "Spirit",
        "Foul": "Beast",
        "Fury": "Dragon",
        "Geist": "Femme",
        "Haunt": "Wood",
        "Jaki": "Drake",
        "Kishin": "Dragon",
        "Lady": "Femme",
        "Night": "Yoma",
        "Reaper": "Spirit",
        "Snake": "Flaemis",
        "Spirit": "Drake",
        "Tyrant": "Drake",
        "UMA": "Wilder",
        "Vermin": "Drake",
        "Wilder": "Drake",
        "Zealot": "Spirit"
    },
    "Spirit": {
        "Fiend": "Wood",
        "Haunt": "Wood",
        "UMA": "Wilder",
        "Zealot": "Wood"
    },
    "Tree": {
        "Avatar": "Nymph",
        "Beast": "Avatar",
        "Brute": "Jirae",
        "Deity": "Yoma",
        "Divine": "Herald",
        "Dragon": "Snake",
        "Enigma": "Yoma",
        "Fairy": "Genma",
        "Fallen": "Vile",
        "Femme": "Lady",
        "Fiend": "Fairy",
        "Flight": "Avian",
        "Foul": "Wood",
        "Geist": "Dragon",
        "Genma": "Fairy",
        "Holy": "Beast",
        "Jirae": "Fairy",
        "Kishin": "Jirae",
        "Lady": "Dragon",
        "Night": "Yoma",
        "Nymph": "Megami",
        "Snake": "Flight",
        "Tree": "Gnome",
        "UMA": "Avatar",
        "Yoma": "Genma"
    },
    "Tyrant": {
        "Drake": "Wilder",
        "Fiend": "Vile",
        "Foul": "Reaper",
        "Haunt": "Jaki",
        "Spirit": "Jaki",
        "UMA": "Wilder",
        "Zealot": "Vile"
    },
    "UMA": {
        "Geist": "Snake",
        "Zealot": "Spirit"
    },
    "Vermin": {
        "Brute": "Wilder",
        "Drake": "Spirit",
        "Fallen": "Raptor",
        "Fiend": "Spirit",
        "Foul": "Avatar",
        "Haunt": "Wood",
        "Night": "Raptor",
        "Spirit": "Wood",
        "Tyrant": "Raptor",
        "UMA": "Wilder",
        "Zealot": "Spirit"
    },
    "Vile": {
        "Beast": "Wilder",
        "Brute": "Jaki",
        "Drake": "Wilder",
        "Fairy": "Jaki",
        "Fallen": "Raptor",
        "Femme": "Jaki",
        "Fiend": "Tyrant",
        "Foul": "Tyrant",
        "Haunt": "Raptor",
        "Jaki": "Haunt",
        "Jirae": "Jaki",
        "Night": "Jaki",
        "Raptor": "Drake",
        "Reaper": "Tyrant",
        "Snake": "Drake",
        "Spirit": "Haunt",
        "Tyrant": "Reaper",
        "UMA": "Wilder",
        "Vermin": "Raptor",
        "Wilder": "Raptor",
        "Wood": "Jaki",
        "Zealot": "Tyrant"
    },
    "Wilder": {
        "Brute": "Jaki",
        "Drake": "Wood",
        "Fallen": "Raptor",
        "Fiend": "Spirit",
        "Foul": "Holy",
        "Haunt": "Wood",
        "Jaki": "Drake",
        "Night": "Vermin",
        "Spirit": "Drake",
        "Tyrant": "Drake",
        "UMA": "Vermin",
        "Vermin": "Spirit",
        "Zealot": "Spirit"
    },
    "Wood": {
        "Beast": "Wilder",
        "Brute": "Raptor",
        "Drake": "Raptor",
        "Fairy": "Haunt",
        "Femme": "Raptor",
        "Fiend": "Spirit",
        "Foul": "Tree",
        "Haunt": "Reaper",
        "Jaki": "Raptor",
        "Jirae": "Vermin",
        "Night": "Foul",
        "Reaper": "Spirit",
        "Snake": "Drake",
        "Spirit": "Raptor",
        "Tyrant": "Drake",
        "UMA": "Wilder",
        "Vermin": "Spirit",
        "Wilder": "Raptor",
        "Zealot": "Spirit"
    },
    "Yoma": {
        "Avatar": "Jirae",
        "Beast": "Avatar",
        "Brute": "Jaki",
        "Deity": "Fairy",
        "Dragon": "Genma",
        "Drake": "Vermin",
        "Enigma": "Fairy",
        "Fairy": "Divine",
        "Fallen": "Snake",
        "Femme": "Haunt",
        "Fiend": "Haunt",
        "Foul": "Night",
        "Fury": "Night",
        "Geist": "Haunt",
        "Genma": "Night",
        "Holy": "Snake",
        "Jaki": "Haunt",
        "Jirae": "Lady",
        "Kishin": "Tyrant",
        "Lady": "Haunt",
        "Night": "Jirae",
        "Nymph": "Fairy",
        "Raptor": "Wood",
        "Reaper": "Haunt",
        "Snake": "Flight",
        "Spirit": "Haunt",
        "Tyrant": "Jaki",
        "UMA": "Avatar",
        "Vermin": "Wilder",
        "Vile": "Jaki",
        "Wilder": "Vermin",
        "Wood": "Drake",
        "Yoma": "Aeros",
        "Zealot": "Haunt"
    }
}