{
    "Alciel": "Password",
    "Alilat": "Peri x Azrael x Israfel",
    "Ara Mitama": "Erthys x Flaemis, Erthys x Salamander, Aquans x Flaemis, Aquans x Salamander, Flaemis x Undine, Flaemis x Salamander, Undine x Salamander",
    "Aramisaki": "Accident",
    "Asherah": "Asura x Valkyrie",
    "Asura": "Pisaca x Orias x Kwancha",
    "Attis": "Accident",
    "Bagaboo": "Password",
    "Black Frost": "Jack Frost x Pyro Jack x Incubus",
    "Bogaboo": "Password",
    "Bugaboo": "Password",
    "Demiurge": "Metatron x Hachiman x Samael",
    "Demonee-ho": "Password",
    "Demonica-C": "Password",
    "Demonica-L": "Password",
    "Demonica-N": "Password",
    "Dionysus": "Accident",
    "Frost Ace": "Jack Frost x Tam Lin x Power",
    "High Pixie": "Pixie x Lilim x Harpy",
    "Horkos": "Doppelganger x Momunofu x Macabre",
    "Huang Long": "Gui Xian x Long x Feng Huang x Baihu",
    "Ishtar": "Password",
    "King Frost": "Jack Frost x Frost Ace x Black Frost",
    "Kurama Tengu": "Karasu Tengu x Koppa Tengu",
    "Kusi Mitama": "Erthys x Aeros, Erthys x Gnome, Erthys x Sylph, Aeros x Gnome, Flaemis x Gnome, Gnome x Sylph, Gnome x Salamander",
    "Masakado": "Hachiman x Bishamonten x Jikokuten x Koumokuten x Zouchouten",
    "Mastema": "Abaddon x Cherub x Throne",
    "Maya": "Hariti x Succubus x Incubus x Airavata",
    "Mithras": "Mitra x Inti",
    "Mitra": "Bifrons x Fomorian x Ippon-Datara",
    "Moloch": "Morax x Ose",
    "Morax": "Oni x Melchom x Itsumade",
    "Mother Harlot": "Pale Rider x Black Rider x Red Rider x White Rider",
    "Nigi Mitama": "Aeros x Aquans, Aeros x Flaemis, Aeros x Sylph, Aeros x Salamander, Aquans x Sylph, Flaemis x Sylph, Sylph x Salamander",
    "Norn": "Atropos x Lachesis x Clotho",
    "Ogun": "Accident",
    "Ongyo-Ki": "Sui-Ki x Fuu-Ki x Kin-Ki",
    "Orcus": "Horkos x Hel",
    "Ouroboros": "Vouivre x Basilisk x Mandrake x Kwancha x Dzelarhons",
    "Saki Mitama": "Erthys x Aquans, Erthys x Undine, Aeros x Undine, Aquans x Gnome, Aquans x Undine, Gnome x Undine, Sylph x Undine",
    "Seraph": "Cherub x Throne x Dominion x Virtue x Power x Principality x Archangel x Angel",
    "Shiva": "Barong x Rangda",
    "Tezcatlipoca": "Accident",
    "Tiamat": "Tlaltecuhtli x Mushussu x Kingu x Pabilsag"
}